,output_dim,nodes,activation,regularizer,stacking,dropout,nlayers,closer,optimizer,epochs,batch_size,loss_func,accuracy,loss,val_accuracy,val_loss,len_dataset,n_features,dominant_class
0,2,64,relu,,False,False,4,False,adam,9,32,binary_crossentropy,0.8901098966598511,0.2890389859676361,0.8859649300575256,0.2998293936252594,569,30,0.6274165202108963
1,2,64,relu,,False,False,4,True,adam,25,32,binary_crossentropy,0.9230769276618958,0.19397087395191193,0.8684210777282715,0.41990190744400024,569,30,0.6274165202108963
2,2,64,relu,,False,False,5,False,adam,11,32,binary_crossentropy,0.9164835214614868,0.2386474907398224,0.8859649300575256,0.31970885396003723,569,30,0.6274165202108963
3,2,64,relu,,False,False,5,True,adam,20,32,binary_crossentropy,0.9230769276618958,0.23535248637199402,0.9035087823867798,0.2732747197151184,569,30,0.6274165202108963
