,output_dim,embedding,nodes,activation,regularizer,stacking,dropout,optimizer,bidirectional,epochs,batch_size,method,accuracy,loss,val_accuracy,val_loss,len_dataset,n_features
0,3,12300,64,tanh,,False,False,adam,False,6,32,GRU,0.8325405716896057,0.34080255031585693,0.6012304425239563,0.9765698313713074,8936,17
1,3,12300,64,tanh,,True,False,adam,False,7,32,GRU,0.8389759659767151,0.34238553047180176,0.563758373260498,1.0002422332763672,8936,17
2,3,12300,64,tanh,L1,False,False,adam,False,6,32,GRU,0.8374370336532593,0.32879796624183655,0.5850111842155457,0.999480128288269,8936,17
3,3,12300,64,tanh,L1,True,False,adam,False,7,32,GRU,0.8381365537643433,0.3107244074344635,0.5799776315689087,1.2310985326766968,8936,17
0,2,45589,64,tanh,,False,False,adam,False,9,32,GRU,1.0,0.018423588946461678,0.5694444179534912,1.2412618398666382,360,1724
1,2,45589,64,tanh,,False,True,adam,False,9,32,GRU,0.625,0.908848762512207,0.0,2.004610538482666,360,1724
2,2,45589,64,tanh,,True,False,adam,False,6,32,GRU,0.625,1.2557530403137207,0.0,2.9639029502868652,360,1724
3,2,45589,64,tanh,,True,True,adam,False,6,32,GRU,0.625,1.1481671333312988,0.0,2.7055301666259766,360,1724
