,output_dim,embedding,nodes,activation,regularizer,stacking,dropout,optimizer,bidirectional,epochs,batch_size,method,accuracy,loss,val_accuracy,val_loss,len_dataset,n_features,dominant_class
0,3,12300,64,tanh,,False,False,adam,False,7,32,GRU,0.8441522121429443,0.3070916533470154,0.5659955143928528,1.194259524345398,8936,17,0.6029543419874664
1,3,12300,64,tanh,,True,False,adam,False,7,32,GRU,0.8400951027870178,0.3104480504989624,0.577740490436554,1.1379142999649048,8936,17,0.6029543419874664
2,3,12300,64,tanh,L1,False,False,adam,False,7,32,GRU,0.8407946228981018,0.31017303466796875,0.576621949672699,1.1284215450286865,8936,17,0.6029543419874664
3,3,12300,64,tanh,L1,True,False,adam,False,6,32,GRU,0.8375769257545471,0.334755003452301,0.576621949672699,0.9938499331474304,8936,17,0.6029543419874664
0,2,45589,64,tanh,,False,False,adam,False,6,32,GRU,0.625,1.13502836227417,0.0,2.678114414215088,360,1724,0.5
1,2,45589,64,tanh,,False,True,adam,False,11,32,GRU,1.0,0.07964976876974106,0.6527777910232544,0.7363020777702332,360,1724,0.5
2,2,45589,64,tanh,,True,False,adam,False,10,32,GRU,1.0,0.046720489859580994,0.5277777910232544,1.0191513299942017,360,1724,0.5
3,2,45589,64,tanh,,True,True,adam,False,6,32,GRU,0.625,1.102821946144104,0.0,2.674014091491699,360,1724,0.5
